wb-ti, correlation-coefficient
SE.PRM.PRSL.FE.ZS.2010.csv,1
SE.PRM.PRSL.MA.ZS.2010.csv,1
SE.PRM.PRSL.ZS.2010.csv,1
SL.MNF.0714.FE.ZS.2010.csv,1
SL.MNF.0714.MA.ZS.2010.csv,1
SL.MNF.0714.ZS.2010.csv,1
SL.SRV.0714.FE.ZS.2010.csv,1
SL.SRV.0714.MA.ZS.2010.csv,1
SL.SRV.0714.ZS.2010.csv,1
SL.TLF.0714.WK.ZS.2010.csv,1
SL.UEM.SECO.FE.ZS.2010.csv,1
SL.UEM.SECO.MA.ZS.2010.csv,1
SL.UEM.TERT.FE.ZS.2010.csv,1
SL.UEM.TERT.MA.ZS.2010.csv,1
SL.UEM.SECO.ZS.2010.csv,0.9863242187
SL.UEM.TERT.ZS.2010.csv,0.9401096451
IC.BUS.EASE.XQ.2010.csv,0.8065217633
SH.DYN.NMRT.2010.csv,0.7099060535
IC.IMP.DURS.2010.csv,0.6915556099
TM.TAX.MRCH.SM.FN.ZS.2010.csv,0.6799895807
SP.DYN.IMRT.IN.2010.csv,0.679227608
SL.AGR.EMPL.MA.ZS.2010.csv,0.677820934
IC.EXP.DURS.2010.csv,0.6697243147
SL.EMP.VULN.MA.ZS.2010.csv,0.6696146044
TM.TAX.MRCH.WM.FN.ZS.2010.csv,0.6678534165
TM.TAX.MANF.SM.FN.ZS.2010.csv,0.6677453944
SL.AGR.EMPL.ZS.2010.csv,0.6619207352
SP.POP.0014.TO.ZS.2010.csv,0.6571131519
SL.EMP.SELF.MA.ZS.2010.csv,0.6538020856
SL.EMP.VULN.ZS.2010.csv,0.6537680312
SL.EMP.SELF.ZS.2010.csv,0.6533482788
TM.TAX.MRCH.SM.AR.ZS.2010.csv,0.6467615855
IC.IMP.DOCS.2010.csv,0.645663663
IC.EXP.DOCS.2010.csv,0.6450857976
TM.TAX.MANF.SM.AR.ZS.2010.csv,0.642267024
SP.DYN.CBRT.IN.2010.csv,0.6398652452
NV.AGR.TOTL.ZS.2010.csv,0.6387319366
TM.TAX.MANF.WM.FN.ZS.2010.csv,0.6375304245
SH.DYN.MORT.2010.csv,0.6362176965
FP.WPI.TOTL.2010.csv,0.6355007096
SP.POP.DPND.YG.2010.csv,0.6314939785
IC.FRM.OUTG.ZS.2010.csv,0.6284152152
TM.TAX.TCOM.WM.FN.ZS.2010.csv,0.6258179347
TM.TAX.MRCH.WM.AR.ZS.2010.csv,0.6233116203
SH.STA.MALN.ZS.2010.csv,0.6208147524
FM.LBL.MQMY.ZG.2010.csv,0.6147852363
IC.FRM.CORR.ZS.2010.csv,0.6110311888
SL.AGR.EMPL.FE.ZS.2010.csv,0.6100303927
EG.ELC.PETR.ZS.2010.csv,0.6062771213
GC.TAX.INTT.RV.ZS.2010.csv,0.6054942855
TM.TAX.TCOM.SM.AR.ZS.2010.csv,0.604958095
TM.TAX.TCOM.IP.ZS.2010.csv,0.5964795675
IP.TMK.AGGD.2010.csv,0.5941575399
SL.EMP.VULN.FE.ZS.2010.csv,0.5925466541
SL.EMP.SELF.FE.ZS.2010.csv,0.5904917208
SH.XPD.OOPC.TO.ZS.2010.csv,0.5898332278
TM.TAX.MANF.WM.AR.ZS.2010.csv,0.5897379416
TM.TAX.TCOM.WM.AR.ZS.2010.csv,0.586190394
SI.POV.RUGP.2010.csv,0.5760040292
SP.RUR.TOTL.ZS.2010.csv,0.573533847
TM.TAX.MRCH.IP.ZS.2010.csv,0.5720887468
SP.DYN.TFRT.IN.2010.csv,0.5717062119
FM.LBL.BMNY.ZG.2010.csv,0.5682908187
TM.TAX.MANF.IP.ZS.2010.csv,0.5635070266
SH.STA.WAST.ZS.2010.csv,0.5575612781
SI.POV.URGP.2010.csv,0.5529195079
TM.TAX.TCOM.SM.FN.ZS.2010.csv,0.5519942489
SP.POP.DPND.2010.csv,0.5396228883
SI.POV.NAGP.2010.csv,0.5363285586
SP.ADO.TFRT.2010.csv,0.5256219567
TM.TAX.MRCH.BR.ZS.2010.csv,0.5255358464
SL.FAM.WORK.MA.ZS.2010.csv,0.5231144123
TM.TAX.TCOM.BR.ZS.2010.csv,0.5213770749
IC.TAX.GIFT.ZS.2010.csv,0.5191287295
TM.TAX.MANF.BR.ZS.2010.csv,0.5181117401
DT.ODA.ODAT.XP.ZS.2010.csv,0.5162986073
SP.UWT.TFRT.2010.csv,0.5069251949
SL.FAM.WORK.ZS.2010.csv,0.5068328643
FR.INR.LEND.2010.csv,0.5068017544
FP.CPI.TOTL.2010.csv,0.5063810772
NY.GDP.DEFL.KD.ZG.2010.csv,0.5026287484
SI.POV.2DAY.2010.csv,0.495056539
IC.ISV.DURS.2010.csv,0.4924910765
IC.IMP.COST.CD.2010.csv,0.491320848
SL.FAM.WORK.FE.ZS.2010.csv,0.4903679616
SE.PRM.ENRL.TC.ZS.2010.csv,0.4846770329
SH.STA.STNT.ZS.2010.csv,0.4775823648
IC.FRM.CRIM.ZS.2010.csv,0.4774451301
IC.EXP.COST.CD.2010.csv,0.4731498397
FP.CPI.TOTL.ZG.2010.csv,0.4720818556
SI.POV.RUHC.2010.csv,0.4643058158
IC.REG.COST.PC.ZS.2010.csv,0.4618755804
SL.UEM.LTRM.FE.ZS.2010.csv,0.4618040695
FD.RES.LIQU.AS.ZS.2010.csv,0.4544968576
SI.POV.GAP2.2010.csv,0.4540634329
IC.TAX.PAYM.2010.csv,0.4518191038
SP.DYN.AMRT.MA.2010.csv,0.4511164068
SI.POV.DDAY.2010.csv,0.4493142157
IC.LGL.PROC.2010.csv,0.4467413463
SE.SEC.ENRL.TC.ZS.2010.csv,0.444246187
IC.TAX.METG.2010.csv,0.4438466361
NY.GDP.TOTL.RT.ZS.2010.csv,0.4372852602
NY.ADJ.DRES.GN.ZS.2010.csv,0.4367987046
GC.TAX.IMPT.ZS.2010.csv,0.4313818131
DT.NFL.UNDP.CD.2010.csv,0.4282381863
TM.VAL.MRCH.XD.WD.2010.csv,0.4188505783
FB.BNK.CAPA.ZS.2010.csv,0.4142192511
SI.POV.NAHC.2010.csv,0.4082964216
TM.VAL.TRAN.ZS.WT.2010.csv,0.4064077227
SL.UEM.TOTL.FE.ZS.2010.csv,0.4027569413
NY.GDP.PETR.RT.ZS.2010.csv,0.4000752704
SE.PRM.REPT.FE.ZS.2010.csv,0.3983236653
IC.CUS.DURS.EX.2010.csv,0.3977399811
BM.GSR.TRAN.ZS.2010.csv,0.3976142499
IC.ELC.OUTG.2010.csv,0.3923137511
SI.POV.GAPS.2010.csv,0.3841677656
NE.CON.PETC.ZS.2010.csv,0.3815699702
IC.REG.PROC.2010.csv,0.3772861868
SP.DYN.AMRT.FE.2010.csv,0.3754051275
IC.REG.DURS.2010.csv,0.3723972645
FR.INR.RISK.2010.csv,0.3712977526
SP.URB.GROW.2010.csv,0.3708450661
SL.UEM.1524.FE.ZS.2010.csv,0.370611489
NY.ADJ.DNGY.GN.ZS.2010.csv,0.3677200562
IC.GOV.DURS.ZS.2010.csv,0.3659473854
SL.IND.EMPL.FE.ZS.2010.csv,0.3636263628
SL.UEM.LTRM.ZS.2010.csv,0.3619764486
EG.USE.COMM.FO.ZS.2010.csv,0.3605769063
SE.PRM.REPT.ZS.2010.csv,0.3532373794
SH.TBS.INCD.2010.csv,0.3514370647
FR.INR.LNDP.2010.csv,0.3513663061
FR.INR.DPST.2010.csv,0.3504904918
DT.NFL.UNFP.CD.2010.csv,0.347453758
GC.XPN.COMP.ZS.2010.csv,0.3460711566
GC.XPN.GSRV.ZS.2010.csv,0.3436500191
LP.IMP.DURS.MD.2010.csv,0.3390700022
TX.VAL.FOOD.ZS.UN.2010.csv,0.3367677669
GC.REV.GOTR.ZS.2010.csv,0.3363488305
TM.QTY.MRCH.XD.WD.2010.csv,0.3334940662
SI.POV.URHC.2010.csv,0.3324778806
EG.ELC.FOSL.ZS.2010.csv,0.3322605739
SH.STA.MMRT.NE.2010.csv,0.3304841721
NY.ADJ.DPEM.GN.ZS.2010.csv,0.3291403448
SE.PRM.REPT.MA.ZS.2010.csv,0.3266760199
SL.TLF.CACT.MA.ZS.2010.csv,0.3180449343
DT.NFL.UNCF.CD.2010.csv,0.3164816892
SH.XPD.EXTR.ZS.2010.csv,0.3150122344
BX.TRF.PWKR.DT.GD.ZS.2010.csv,0.3098144213
VC.BTL.DETH.2010.csv,0.3077169212
SL.UEM.LTRM.MA.ZS.2010.csv,0.307241157
IC.PRP.PROC.2010.csv,0.3060224465
TM.VAL.MRCH.RS.ZS.2010.csv,0.3025839139
IC.WRH.DURS.2010.csv,0.2998851126
SL.TLF.SECO.ZS.2010.csv,0.2979306327
BX.GRT.EXTA.CD.WD.2010.csv,0.29375589
SL.TLF.SECO.MA.ZS.2010.csv,0.2931097983
TM.VAL.FOOD.ZS.UN.2010.csv,0.2919984638
NE.CON.TETC.KD.ZG.2010.csv,0.290493794
TX.VAL.MRCH.R5.ZS.2010.csv,0.2903565142
SL.TLF.SECO.FE.ZS.2010.csv,0.2879519232
NY.GDP.FRST.RT.ZS.2010.csv,0.2801035857
BN.TRF.CURR.CD.2010.csv,0.2785917436
IC.TAX.TOTL.CP.ZS.2010.csv,0.2777007362
IC.TAX.DURS.2010.csv,0.2775918287
NY.TRF.NCTR.CD.2010.csv,0.2741297748
SH.XPD.OOPC.ZS.2010.csv,0.2723695857
NY.ADJ.DCO2.GN.ZS.2010.csv,0.2717199858
TM.VAL.MRCH.R6.ZS.2010.csv,0.2714010011
LP.EXP.DURS.MD.2010.csv,0.2713907092
DT.NFL.UNPB.CD.2010.csv,0.2700994838
SM.POP.REFG.OR.2010.csv,0.2679864794
SL.EMP.TOTL.SP.MA.ZS.2010.csv,0.266896814
NE.DAB.TOTL.ZS.2010.csv,0.2660539062
NY.ADJ.NNAT.GN.ZS.2010.csv,0.2610749266
DT.ODA.ALLD.CD.2010.csv,0.2599038067
DT.ODA.ODAT.CD.2010.csv,0.2599038067
DC.DAC.SWEL.CD.2010.csv,0.258885932
GC.DOD.TOTL.CN.2010.csv,0.2588621794
DT.ODA.ALLD.KD.2010.csv,0.2582962185
DT.ODA.ODAT.KD.2010.csv,0.2582962185
PX.REX.REER.2010.csv,0.2558359453
DC.DAC.TOTL.CD.2010.csv,0.2554393827
SP.DYN.CDRT.IN.2010.csv,0.2523554063
TM.VAL.MRCH.R1.ZS.2010.csv,0.2470966787
DT.ODA.ODAT.GI.ZS.2010.csv,0.2453403969
DC.DAC.USAL.CD.2010.csv,0.2430941583
EG.ELC.PETR.KH.2010.csv,0.2427949925
VC.IHR.PSRC.P5.2010.csv,0.2393185935
SL.IND.EMPL.ZS.2010.csv,0.2390298234
SH.MLR.TRET.ZS.2010.csv,0.2389880939
DT.NFL.WFPG.CD.2010.csv,0.2367405976
GC.TAX.EXPT.ZS.2010.csv,0.2365732364
CM.MKT.INDX.ZG.2010.csv,0.2354214215
SL.EMP.1524.SP.MA.ZS.2010.csv,0.23460722
DC.DAC.ITAL.CD.2010.csv,0.2324989459
SP.POP.GROW.2010.csv,0.2319638976
TX.VAL.MRCH.XD.WD.2010.csv,0.2309197518
NE.GDI.TOTL.ZS.2010.csv,0.2288151914
SE.PRM.GINT.MA.ZS.2010.csv,0.2284968523
SP.RUR.TOTL.ZG.2010.csv,0.2247657385
NY.GNP.MKTP.KD.ZG.2010.csv,0.2243861035
NE.GDI.FTOT.KD.ZG.2010.csv,0.219770507
TM.VAL.MRCH.R4.ZS.2010.csv,0.2173189802
IC.PRP.DURS.2010.csv,0.2166369744
SH.STA.BRTW.ZS.2010.csv,0.2165680604
TX.VAL.MRCH.RS.ZS.2010.csv,0.2164917824
IC.ELC.TIME.2010.csv,0.2156045568
TX.VAL.MRCH.R6.ZS.2010.csv,0.2148699735
SE.XPD.SECO.PC.ZS.2010.csv,0.2139717936
TT.PRI.MRCH.XD.WD.2010.csv,0.2134303545
NY.GDP.NGAS.RT.ZS.2010.csv,0.212533677
DC.DAC.CHEL.CD.2010.csv,0.2112351451
SL.UEM.1524.ZS.2010.csv,0.2102755252
DC.DAC.KORL.CD.2010.csv,0.2079359792
DC.DAC.FINL.CD.2010.csv,0.2078553117
SE.PRM.UNER.2010.csv,0.2076619638
TM.VAL.MRCH.R5.ZS.2010.csv,0.2066854473
TX.VAL.FUEL.ZS.UN.2010.csv,0.203576968
SI.DST.FRST.20.2010.csv,0.2015343688
IC.LGL.DURS.2010.csv,0.2011298223
SI.DST.02ND.20.2010.csv,0.2002552914
SE.PRM.UNER.FE.2010.csv,0.1991847538
PA.NUS.PRVT.PP.2010.csv,0.1985581629
GC.FIN.FRGN.CN.2010.csv,0.1982748934
PA.NUS.ATLS.2010.csv,0.1976752978
PA.NUS.FCRF.2010.csv,0.1975388727
SH.MMR.DTHS.2010.csv,0.1973063565
SI.DST.03RD.20.2010.csv,0.1942724709
EG.IMP.CONS.ZS.2010.csv,0.1916616497
NE.GDI.FTOT.ZS.2010.csv,0.190336284
FM.AST.DOMO.ZG.M3.2010.csv,0.1889192574
EG.GDP.PUSE.KO.PP.2010.csv,0.1886520111
SE.PRM.UNER.MA.2010.csv,0.1875699183
TX.VAL.AGRI.ZS.UN.2010.csv,0.1871676039
TM.VAL.MRCH.AL.ZS.2010.csv,0.1871267012
NY.GDP.MINR.RT.ZS.2010.csv,0.1861233008
NY.GDP.MKTP.KD.ZG.2010.csv,0.1859524084
SI.DST.FRST.10.2010.csv,0.1859233918
NY.ADJ.DMIN.GN.ZS.2010.csv,0.1856895157
EN.MAM.THRD.NO.2010.csv,0.183990464
SL.UEM.TOTL.ZS.2010.csv,0.1828880509
BN.KLT.DINV.CD.2010.csv,0.1812871719
DC.DAC.CANL.CD.2010.csv,0.1805881607
NV.IND.TOTL.KD.ZG.2010.csv,0.1793607215
FM.AST.PRVT.ZG.M3.2010.csv,0.178737097
DT.ODA.ODAT.MP.ZS.2010.csv,0.1786753859
TM.VAL.FUEL.ZS.UN.2010.csv,0.1783911243
EG.ELC.NGAS.ZS.2010.csv,0.1774224835
NV.IND.TOTL.ZS.2010.csv,0.1743570755
PA.NUS.PPP.2010.csv,0.1738015904
NE.GDI.FPRV.CN.2010.csv,0.1731430342
EG.GDP.PUSE.KO.PP.KD.2010.csv,0.1711269296
DT.NFL.IFAD.CD.2010.csv,0.1682296005
DC.DAC.DNKL.CD.2010.csv,0.1658494337
NE.CON.TETC.ZS.2010.csv,0.165448022
TX.VAL.TRVL.ZS.WT.2010.csv,0.1647051093
FI.RES.TOTL.MO.2010.csv,0.1639990632
SE.PRM.GINT.ZS.2010.csv,0.163776903
NY.ADJ.DFOR.GN.ZS.2010.csv,0.1617992526
TM.VAL.MRCH.R2.ZS.2010.csv,0.16003689
NV.AGR.TOTL.KD.ZG.2010.csv,0.1558053615
NE.DAB.DEFL.ZS.2010.csv,0.1553348842
DC.DAC.NLDL.CD.2010.csv,0.1522660202
FB.AST.NPER.ZS.2010.csv,0.1517530661
EG.ELC.COAL.ZS.2010.csv,0.1480369347
DC.DAC.AUSL.CD.2010.csv,0.1470695274
IC.FRM.FEMO.ZS.2010.csv,0.1458848367
DC.DAC.GBRL.CD.2010.csv,0.145194931
SE.SEC.REPT.FE.ZS.2010.csv,0.142172927
DT.NFL.RDBC.CD.2010.csv,0.1415775173
DC.DAC.BELL.CD.2010.csv,0.1408157368
SL.TLF.CACT.ZS.2010.csv,0.1407806009
SE.PRM.AGES.2010.csv,0.1379316887
SL.EMP.TOTL.SP.ZS.2010.csv,0.1378246676
VC.IDP.TOTL.HE.2010.csv,0.1327961878
TX.VAL.MRCH.R2.ZS.2010.csv,0.1322582119
SL.EMP.1524.SP.ZS.2010.csv,0.1320237922
DT.NFL.UNAI.CD.2010.csv,0.1284109315
BX.GRT.TECH.CD.WD.2010.csv,0.1277742653
NY.GNP.PCAP.KD.ZG.2010.csv,0.1271986611
NY.ADJ.NNTY.KD.ZG.2010.csv,0.1271114139
NE.CON.GOVT.KD.ZG.2010.csv,0.1261373325
DC.DAC.CECL.CD.2010.csv,0.1249240739
NY.GDP.COAL.RT.ZS.2010.csv,0.1202726286
IC.WRH.PROC.2010.csv,0.1199898296
DC.DAC.NORL.CD.2010.csv,0.1175344112
TX.QTY.MRCH.XD.WD.2010.csv,0.117236447
NY.GDP.DEFL.ZS.2010.csv,0.116908353
BX.GSR.TRVL.ZS.2010.csv,0.1156356068
SE.XPD.TOTL.GB.ZS.2010.csv,0.1153185186
NE.GDI.STKB.KN.2010.csv,0.1148508977
FM.AST.CGOV.ZG.M3.2010.csv,0.1124598729
SP.POP.TOTL.FE.ZS.2010.csv,0.109727779
SL.UEM.TOTL.MA.ZS.2010.csv,0.1097257884
DC.DAC.JPNL.CD.2010.csv,0.1043732198
TX.VAL.MRCH.AL.ZS.2010.csv,0.1039785573
DT.TDS.MLAT.PG.ZS.2010.csv,0.1014499044
TM.VAL.MRCH.WR.ZS.2010.csv,0.1002099022
DC.DAC.IRLL.CD.2010.csv,0.098048171
SE.PRM.ENRR.MA.2010.csv,0.0979903982
NE.IMP.GNFS.KD.ZG.2010.csv,0.0969660056
NE.CON.PETC.KD.ZG.2010.csv,0.0943688349
FR.INR.RINR.2010.csv,0.0896335642
SE.PRM.GINT.FE.ZS.2010.csv,0.0887860847
GC.XPN.COMP.CN.2010.csv,0.0866872086
EN.HPT.THRD.NO.2010.csv,0.0859792742
SE.SEC.REPT.ZS.2010.csv,0.0854225575
GC.TAX.INTT.CN.2010.csv,0.0837357788
IC.ELC.DURS.2010.csv,0.0831658871
DT.NFL.MIDA.CD.2010.csv,0.0786678971
SE.XPD.TERT.PC.ZS.2010.csv,0.078522821
SM.POP.REFG.2010.csv,0.0776986657
DC.DAC.DEUL.CD.2010.csv,0.0772963162
BX.TRF.PWKR.CD.2010.csv,0.0751623112
DC.DAC.AUTL.CD.2010.csv,0.0747159057
GC.REV.GOTR.CN.2010.csv,0.0731262457
FM.LBL.QMNY.CN.2010.csv,0.0727057395
GC.XPN.GSRV.CN.2010.csv,0.0726405068
NE.GDI.STKB.CN.2010.csv,0.0726051113
TX.VAL.MRCH.R4.ZS.2010.csv,0.0724390881
DC.DAC.FRAL.CD.2010.csv,0.0723638828
EN.BIR.THRD.NO.2010.csv,0.0722507719
SL.UEM.1524.MA.ZS.2010.csv,0.0719448852
SL.TLF.PRIM.MA.ZS.2010.csv,0.0709501275
SE.SEC.DURS.2010.csv,0.0709249891
NV.AGR.TOTL.CN.2010.csv,0.0705083417
MS.MIL.XPND.CN.2010.csv,0.0662464064
NY.GNS.ICTR.CN.2010.csv,0.0662363661
GC.XPN.TOTL.CN.2010.csv,0.0660282429
NY.GDP.PCAP.KD.ZG.2010.csv,0.0643392198
BN.GSR.MRCH.CD.2010.csv,0.0638145942
TM.VAL.MRCH.R3.ZS.2010.csv,0.0634344994
VC.IDP.TOTL.LE.2010.csv,0.0630114247
NE.CON.PRVT.CN.2010.csv,0.062487476
MS.MIL.XPRT.KD.2010.csv,0.0623609253
NY.TRF.NCTR.CN.2010.csv,0.0622530517
GC.XPN.TRFT.CN.2010.csv,0.0621836743
SL.EMP.TOTL.SP.FE.ZS.2010.csv,0.0619646656
GC.XPN.INTP.CN.2010.csv,0.0619011873
GC.TAX.GSRV.CN.2010.csv,0.0606179576
MS.MIL.TOTL.TF.ZS.2010.csv,0.059566815
GC.TAX.TOTL.CN.2010.csv,0.0590878984
GC.REV.XGRT.CN.2010.csv,0.0582291707
NV.AGR.TOTL.KN.2010.csv,0.0581908999
NE.CON.TOTL.CN.2010.csv,0.0572959094
NE.CON.PETC.CN.2010.csv,0.0570985801
SL.TLF.PRIM.ZS.2010.csv,0.0550975861
GC.TAX.YPKG.CN.2010.csv,0.0547614795
NE.IMP.GNFS.CN.2010.csv,0.0542971648
TX.VAL.TRAN.ZS.WT.2010.csv,0.0532915237
NE.GDI.FTOT.CN.2010.csv,0.0528648028
DC.DAC.ESPL.CD.2010.csv,0.0521997604
SL.TLF.CACT.FE.ZS.2010.csv,0.0515770843
DT.NFL.UNCR.CD.2010.csv,0.0514309388
NY.TAX.NIND.CN.2010.csv,0.0507972787
NE.GDI.TOTL.CN.2010.csv,0.0506715341
NE.EXP.GNFS.CN.2010.csv,0.0501615059
NE.EXP.GNFS.KD.ZG.2010.csv,0.0496005138
TX.VAL.MRCH.R1.ZS.2010.csv,0.0493298935
NV.IND.TOTL.CN.2010.csv,0.0491643163
DT.ODA.ODAT.GN.ZS.2010.csv,0.0490110883
NE.CON.PRVT.KN.2010.csv,0.0468218633
MS.MIL.TOTL.P1.2010.csv,0.0467585318
NE.IMP.GNFS.KN.2010.csv,0.0451789741
NE.DAB.TOTL.CN.2010.csv,0.0448868855
NE.CON.TETC.CN.2010.csv,0.0446293005
EG.ELC.NGAS.KH.2010.csv,0.0445299442
SE.SEC.PROG.MA.ZS.2010.csv,0.0444181351
EN.FSH.THRD.NO.2010.csv,0.0435674499
NY.GDS.TOTL.CN.2010.csv,0.0430073635
NV.IND.MANF.CN.2010.csv,0.0418773583
BX.GSR.CCIS.ZS.2010.csv,0.0416175049
SP.RUR.TOTL.2010.csv,0.0413993276
SE.SEC.REPT.MA.ZS.2010.csv,0.041194235
NE.GDI.FTOT.KN.2010.csv,0.0411517951
VC.PKP.TOTL.UN.2010.csv,0.0409225155
NV.SRV.TETC.CN.2010.csv,0.0407464269
FM.AST.NFRG.CN.2010.csv,0.0393572138
GC.TAX.EXPT.CN.2010.csv,0.0390204049
NY.EXP.CAPM.KN.2010.csv,0.0385870956
NE.EXP.GNFS.KN.2010.csv,0.0368611163
DT.NFL.BLAT.CD.2010.csv,0.0366849754
NE.GDI.TOTL.KN.2010.csv,0.0365716507
SL.EMP.1524.SP.FE.ZS.2010.csv,0.0365278116
SG.GEN.LSOM.ZS.2010.csv,0.0354165366
NE.CON.TOTL.KN.2010.csv,0.0349420168
NE.CON.PETC.KN.2010.csv,0.0347830457
NE.CON.PRVT.KD.ZG.2010.csv,0.0334535732
TM.VAL.AGRI.ZS.UN.2010.csv,0.0333221807
GC.XPN.OTHR.CN.2010.csv,0.0329693652
DC.DAC.NZLL.CD.2010.csv,0.0327463098
NE.CON.GOVT.CN.2010.csv,0.0326004804
NY.GDP.MKTP.CN.2010.csv,0.0316641115
NY.GDS.TOTL.KN.2010.csv,0.0290687419
SE.PRM.ENRL.2010.csv,0.0283261698
NY.ADJ.DFOR.CD.2010.csv,0.0283028619
NY.GNP.MKTP.CN.2010.csv,0.0274024328
TX.VAL.MMTL.ZS.UN.2010.csv,0.0266849773
GC.FIN.DOMS.CN.2010.csv,0.0261575024
NE.GDI.TOTL.KD.ZG.2010.csv,0.0253385234
EN.URB.LCTY.UR.ZS.2010.csv,0.0248459083
AG.LND.FRST.K2.2010.csv,0.0247483493
SL.TLF.PRIM.FE.ZS.2010.csv,0.0229520335
AG.LND.TOTL.K2.2010.csv,0.0206828475
TX.VAL.MRCH.OR.ZS.2010.csv,0.020274571
NE.CON.TETC.KN.2010.csv,0.0196645009
SI.DST.04TH.20.2010.csv,0.0192819436
MS.MIL.XPND.GD.ZS.2010.csv,0.0192352329
NV.IND.TOTL.KN.2010.csv,0.0185350176
NY.ADJ.NNAT.CD.2010.csv,0.0179358684
AG.SRF.TOTL.K2.2010.csv,0.0176436728
NE.DAB.TOTL.KN.2010.csv,0.0174570865
TM.VAL.MRCH.OR.ZS.2010.csv,0.0164376994
NY.GDP.FCST.CN.2010.csv,0.0163759247
NY.GNP.MKTP.KN.2010.csv,0.016079893
GC.TAX.OTHR.CN.2010.csv,0.0152975296
GC.REV.SOCL.CN.2010.csv,0.0149646227
TX.VAL.MRCH.WR.ZS.2010.csv,0.0149386751
NY.GDY.TOTL.KN.2010.csv,0.0146755248
TM.TAX.MANF.SR.ZS.2010.csv,0.0127681886
FM.LBL.MQMY.CN.2010.csv,0.012085475
GC.TAX.GSRV.RV.ZS.2010.csv,0.0116221735
SL.EMP.MPYR.ZS.2010.csv,0.0115690011
NY.GNY.TOTL.KN.2010.csv,0.010537678
DT.NFL.IMFC.CD.2010.csv,0.0096919008
SP.POP.TOTL.2010.csv,0.0088483283
NV.IND.MANF.KN.2010.csv,0.0085959771
EG.ELC.NUCL.ZS.2010.csv,0.008385558
SE.XPD.TOTL.GD.ZS.2010.csv,0.0081087543
SE.SEC.PROG.ZS.2010.csv,0.0078478809
NE.RSB.GNFS.CD.2010.csv,0.0066278889
NV.SRV.TETC.KD.ZG.2010.csv,0.0065823841
BN.CAB.XOKA.CD.2010.csv,0.0062208541
BN.KLT.PRVT.GD.ZS.2010.csv,0.0061063534
NY.ADJ.DNGY.CD.2010.csv,0.004453201
NY.GNP.PCAP.KN.2010.csv,0.0040423779
FM.LBL.MONY.CN.2010.csv,0.0035009962
NV.SRV.TETC.KN.2010.csv,0.0017432542
ER.MRN.PTMR.ZS.2010.csv,0.0006208075
IS.RRS.GOOD.MT.K6.2010.csv,0.0003770218
NE.CON.PRVT.PC.KD.ZG.2010.csv,-0.0004343995
FM.AST.DOMS.CN.2010.csv,-0.000467821
IS.RRS.PASG.KM.2010.csv,-0.0013866174
DT.NFL.IMFN.CD.2010.csv,-0.0033343308
AG.LND.CREL.HA.2010.csv,-0.0045038427
DT.DOD.PVLX.EX.ZS.2010.csv,-0.0048580645
DT.DOD.DSTC.IR.ZS.2010.csv,-0.005037541
BN.GSR.GNFS.CD.2010.csv,-0.0056194015
NE.RSB.GNFS.KN.2010.csv,-0.0067203971
NY.GDP.PCAP.KN.2010.csv,-0.0081384807
SL.TLF.TOTL.IN.2010.csv,-0.0087194124
BX.GSR.TRAN.ZS.2010.csv,-0.0088322475
FM.LBL.BMNY.CN.2010.csv,-0.0115310832
GC.XPN.INTP.ZS.2010.csv,-0.0116821639
SE.PRM.ENRR.2010.csv,-0.0121558562
DT.TDS.DPPG.XP.ZS.2010.csv,-0.012662994
SL.EMP.MPYR.FE.ZS.2010.csv,-0.0129952544
NV.IND.MANF.KD.ZG.2010.csv,-0.0140269153
NY.GDP.MKTP.KN.2010.csv,-0.014245845
NE.CON.GOVT.KN.2010.csv,-0.0147619524
NY.TTF.GNFS.KN.2010.csv,-0.018904319
GC.TAX.IMPT.CN.2010.csv,-0.0202769071
SE.SEC.ENRL.2010.csv,-0.0209973403
BN.TRF.KOGT.CD.2010.csv,-0.0221821181
DT.DOD.DIMF.CD.2010.csv,-0.0223403197
IP.TMK.RESD.2010.csv,-0.0231544028
BX.GSR.CMCP.ZS.2010.csv,-0.024889871
IT.CEL.SETS.2010.csv,-0.025285317
BX.TRF.PWKR.CD.DT.2010.csv,-0.0255924237
EG.USE.COMM.KT.OE.2010.csv,-0.0263278975
TX.VAL.MRCH.R3.ZS.2010.csv,-0.0273150712
FI.RES.TOTL.DT.ZS.2010.csv,-0.0279396378
SN.ITK.VITA.ZS.2010.csv,-0.0323050611
SE.SEC.ENRL.VO.2010.csv,-0.035433817
SP.URB.TOTL.2010.csv,-0.0373838716
GC.BAL.CASH.GD.ZS.2010.csv,-0.0381874866
ST.INT.RCPT.XP.ZS.2010.csv,-0.0389303443
GC.XPN.INTP.RV.ZS.2010.csv,-0.0395085988
DT.TDS.DPPF.XP.ZS.2010.csv,-0.0405077389
SE.SEC.PROG.FE.ZS.2010.csv,-0.0409848654
NY.ADJ.ICTR.GN.ZS.2010.csv,-0.0413559647
GC.FIN.FRGN.GD.ZS.2010.csv,-0.0414957457
DC.DAC.LUXL.CD.2010.csv,-0.0421710789
SE.SEC.ENRL.GC.2010.csv,-0.0424662399
SE.PRM.TCAQ.FE.ZS.2010.csv,-0.043897232
NV.AGR.TOTL.CD.2010.csv,-0.0446856367
EG.ELC.PROD.KH.2010.csv,-0.045610542
NE.GDI.STKB.CD.2010.csv,-0.0457028216
EG.ELC.COAL.KH.2010.csv,-0.0460187175
IC.FRM.ISOC.ZS.2010.csv,-0.0468269993
IE.PPI.ENGY.CD.2010.csv,-0.0476802239
TM.VAL.TRVL.ZS.WT.2010.csv,-0.0499972863
NY.GNS.ICTR.GN.ZS.2010.csv,-0.0510364517
IE.PPI.TRAN.CD.2010.csv,-0.0513329986
SL.IND.EMPL.MA.ZS.2010.csv,-0.0524551225
DT.TDS.DPPG.CD.2010.csv,-0.0534460053
SE.PRM.TCHR.2010.csv,-0.0543755773
MS.MIL.XPND.ZS.2010.csv,-0.0549005834
NE.RSB.GNFS.CN.2010.csv,-0.0556073101
NE.GDI.FPRV.ZS.2010.csv,-0.0556167056
DT.NFL.IAEA.CD.2010.csv,-0.0565490784
NY.GNS.ICTR.ZS.2010.csv,-0.0582145049
BM.GSR.TRVL.ZS.2010.csv,-0.0586984254
EG.USE.CRNW.KT.OE.2010.csv,-0.0598283491
SE.SEC.TCHR.2010.csv,-0.0607773073
NY.TRF.NCTR.KN.2010.csv,-0.0615608881
IP.TMK.TOTL.2010.csv,-0.0624484159
BN.KLT.PRVT.CD.2010.csv,-0.0633260938
DT.NFL.PCBO.CD.2010.csv,-0.0633292255
EG.EGY.PROD.KT.OE.2010.csv,-0.0638537179
SL.TLF.TOTL.FE.ZS.2010.csv,-0.0671351031
IC.FRM.DURS.2010.csv,-0.0681330106
DT.DOD.DPPG.CD.2010.csv,-0.0696906327
DC.DAC.GRCL.CD.2010.csv,-0.0719526209
DT.TDS.DECT.EX.ZS.2010.csv,-0.0720186353
SE.SEC.TCHR.FE.2010.csv,-0.0731153425
NY.GSR.NFCY.CN.2010.csv,-0.0752250019
AG.LND.FRST.ZS.2010.csv,-0.0756431504
AG.PRD.CREL.MT.2010.csv,-0.0771759427
BN.KAC.EOMS.CD.2010.csv,-0.0776287031
SE.PRM.TCAQ.ZS.2010.csv,-0.0795205294
SE.XPD.PRIM.PC.ZS.2010.csv,-0.0795220602
MS.MIL.MPRT.KD.2010.csv,-0.0795832591
ST.INT.XPND.MP.ZS.2010.csv,-0.0798439629
DT.NFL.UNRW.CD.2010.csv,-0.0800795418
NY.ADJ.DPEM.CD.2010.csv,-0.080153411
NY.GSR.NFCY.KN.2010.csv,-0.0809797645
NY.TAX.NIND.KN.2010.csv,-0.0810452322
EG.ELC.RNWX.KH.2010.csv,-0.08164519
NV.AGR.TOTL.KD.2010.csv,-0.0824598426
IE.PPI.TELE.CD.2010.csv,-0.0839677796
NY.GDP.FCST.KN.2010.csv,-0.0850542304
SE.PRM.TCAQ.MA.ZS.2010.csv,-0.0870267191
EN.URB.MCTY.2010.csv,-0.0879606174
EN.URB.LCTY.2010.csv,-0.0884670972
EG.ELC.NUCL.KH.2010.csv,-0.0897137503
SL.TLF.CACT.FM.ZS.2010.csv,-0.0897332825
DC.DAC.PRTL.CD.2010.csv,-0.0907570653
DT.DOD.MWBG.CD.2010.csv,-0.0908894617
DT.DOD.DECT.GN.ZS.2010.csv,-0.0914510449
IP.TMK.NRES.2010.csv,-0.0918994109
NY.GDP.DISC.KN.2010.csv,-0.0923260721
SE.SEC.AGES.2010.csv,-0.0924281506
NY.ADJ.DMIN.CD.2010.csv,-0.0941360392
GC.TAX.GSRV.VA.ZS.2010.csv,-0.0948629651
FI.RES.XGLD.CD.2010.csv,-0.095851361
SE.SEC.PRIV.ZS.2010.csv,-0.0964885555
FS.AST.CGOV.GD.ZS.2010.csv,-0.0976015226
NY.ADJ.DCO2.CD.2010.csv,-0.0977727935
ER.PTD.TOTL.ZS.2010.csv,-0.1043604041
DT.NFL.RDBN.CD.2010.csv,-0.1045442336
BX.KLT.DINV.WD.GD.ZS.2010.csv,-0.1116854534
IT.MLT.MAIN.2010.csv,-0.1138148624
IT.NET.USER.2010.csv,-0.1142668258
SP.DTH.REPT.ZS.2010.csv,-0.1171448821
FI.RES.TOTL.CD.2010.csv,-0.1181898479
BN.KLT.PTXL.CD.2010.csv,-0.118705608
SE.PRM.ENRR.FE.2010.csv,-0.1206008057
NY.ADJ.SVNX.CD.2010.csv,-0.1206183046
DT.DOD.DLXF.CD.2010.csv,-0.1218054849
NY.GDP.DISC.CN.2010.csv,-0.1220887843
IP.PAT.RESD.2010.csv,-0.1233911584
TM.VAL.INSF.ZS.WT.2010.csv,-0.1242669946
GC.BAL.CASH.CN.2010.csv,-0.1263077237
NY.ADJ.SVNG.CD.2010.csv,-0.126917491
BN.RES.INCL.CD.2010.csv,-0.1289820408
IS.RRS.TOTL.KM.2010.csv,-0.1303839114
BM.GSR.INSF.ZS.2010.csv,-0.1324716826
SI.DST.10TH.10.2010.csv,-0.1350371642
IP.PAT.NRES.2010.csv,-0.1383998968
NY.GSR.NFCY.CD.2010.csv,-0.1416214007
SL.EMP.MPYR.MA.ZS.2010.csv,-0.1423526988
GC.XPN.OTHR.ZS.2010.csv,-0.1443425855
IC.CRD.PUBL.ZS.2010.csv,-0.1445647484
DT.NFL.BOND.CD.2010.csv,-0.1450604869
CM.MKT.TRAD.CD.2010.csv,-0.1463487812
DT.DOD.DECT.CD.2010.csv,-0.1476265077
DT.TDS.DECT.CD.2010.csv,-0.1497633708
EN.POP.DNST.2010.csv,-0.1500433019
DT.DOD.PVLX.CD.2010.csv,-0.1508785487
DT.DOD.DSTC.CD.2010.csv,-0.151007532
IP.TMK.MDRD.2010.csv,-0.151332824
IS.SHP.GOOD.TU.2010.csv,-0.1522135349
BM.KLT.DINV.GD.ZS.2010.csv,-0.1542018501
DT.DOD.DPNG.CD.2010.csv,-0.1543618965
EG.ELC.RNEW.KH.2010.csv,-0.15723282
TX.VAL.OTHR.ZS.WT.2010.csv,-0.1600445999
IQ.CPA.TRAD.XQ.2010.csv,-0.1645301997
BN.GSR.FCTY.CD.2010.csv,-0.1647017593
EG.ELC.HYRO.KH.2010.csv,-0.1648016651
BX.TRF.CURR.CD.2010.csv,-0.1648818035
NY.GDS.TOTL.ZS.2010.csv,-0.165448022
NE.CON.PRVT.PP.KD.2010.csv,-0.1658306341
NE.CON.PRVT.PP.CD.2010.csv,-0.1688005099
IT.NET.BBND.2010.csv,-0.1707541076
NY.GNS.ICTR.CD.2010.csv,-0.1720324184
DT.TDS.DECT.GN.ZS.2010.csv,-0.1743597391
SI.DST.05TH.20.2010.csv,-0.1781139331
SI.POV.GINI.2010.csv,-0.178394329
SE.PRM.DURS.2010.csv,-0.1805586278
SE.PRM.TENR.MA.2010.csv,-0.1816115584
IS.AIR.DPRT.2010.csv,-0.1830021318
TX.VAL.INSF.ZS.WT.2010.csv,-0.184316931
DT.ODA.ODAT.PC.ZS.2010.csv,-0.1843188127
SE.PRM.PRIV.ZS.2010.csv,-0.1850443137
EG.USE.COMM.GD.PP.KD.2010.csv,-0.1865493122
SM.POP.TOTL.2010.csv,-0.1868776676
DT.TDS.MLAT.CD.2010.csv,-0.1884632309
ER.LND.PTLD.ZS.2010.csv,-0.1893403796
NV.IND.MANF.CD.2010.csv,-0.189415953
NV.IND.TOTL.CD.2010.csv,-0.1895185804
NE.GDI.TOTL.CD.2010.csv,-0.1919291825
CM.MKT.LCAP.CD.2010.csv,-0.1939338283
DT.NFL.MOTH.CD.2010.csv,-0.1939658459
SE.PRM.NENR.MA.2010.csv,-0.1949526517
NE.GDI.FTOT.CD.2010.csv,-0.1965754494
NE.IMP.GNFS.ZS.2010.csv,-0.1969897805
NY.GDS.TOTL.CD.2010.csv,-0.1971655864
NY.GDP.MKTP.PP.CD.2010.csv,-0.1973997443
NV.IND.MANF.KD.2010.csv,-0.1975384308
NE.CON.PRVT.KD.2010.csv,-0.1981901174
DT.NFL.MIBR.CD.2010.csv,-0.1986026043
TG.VAL.TOTL.GD.ZS.2010.csv,-0.1987479693
IS.AIR.PSGR.2010.csv,-0.1991088019
DT.DOD.PVLX.GN.ZS.2010.csv,-0.2003159076
NE.GDI.FTOT.KD.2010.csv,-0.2008921308
NV.IND.TOTL.KD.2010.csv,-0.2015217433
DT.TDS.DPPG.GN.ZS.2010.csv,-0.201820107
NE.GDI.TOTL.KD.2010.csv,-0.2033016429
NY.GDP.MKTP.PP.KD.2010.csv,-0.2034575728
SE.PRM.NINT.MA.ZS.2010.csv,-0.2038766804
NY.GNP.MKTP.PP.CD.2010.csv,-0.2045985136
TM.VAL.MMTL.ZS.UN.2010.csv,-0.2060140601
NE.CON.PETC.KD.2010.csv,-0.2089644418
NV.SRV.TETC.KD.2010.csv,-0.2092940038
TX.VAL.TECH.CD.2010.csv,-0.2102295957
NE.CON.TOTL.KD.2010.csv,-0.2103727793
IE.PPI.WATR.CD.2010.csv,-0.2132448511
DT.NFL.MLAT.CD.2010.csv,-0.21382925
CM.MKT.LDOM.NO.2010.csv,-0.2142295051
BX.GSR.ROYL.CD.2010.csv,-0.2175269377
NE.CON.TETC.KD.2010.csv,-0.2175307098
IT.NET.SECR.2010.csv,-0.2177480165
NE.CON.PRVT.CD.2010.csv,-0.2193317189
DT.DOD.DSTC.XP.ZS.2010.csv,-0.2205355401
NE.DAB.TOTL.KD.2010.csv,-0.2214122723
NE.CON.PETC.CD.2010.csv,-0.2215013715
DT.DOD.DSTC.ZS.2010.csv,-0.2221139738
SG.GEN.PARL.ZS.2010.csv,-0.2222201542
SE.SEC.ENRL.VO.FE.ZS.2010.csv,-0.2244134689
NY.GNP.MKTP.KD.2010.csv,-0.2283408096
SE.PRM.NINT.ZS.2010.csv,-0.2291914962
NE.CON.TOTL.CD.2010.csv,-0.229287794
NE.DAB.TOTL.CD.2010.csv,-0.2318446031
BX.PEF.TOTL.CD.WD.2010.csv,-0.2334269062
SE.SEC.TCHR.FE.ZS.2010.csv,-0.2336295051
NY.GDP.MKTP.KD.2010.csv,-0.2340288724
ST.INT.DPRT.2010.csv,-0.2345181426
NY.ADJ.NNTY.KD.2010.csv,-0.2351340397
NE.CON.TETC.CD.2010.csv,-0.2356320124
GC.TAX.OTHR.RV.ZS.2010.csv,-0.235685849
NY.TAX.NIND.CD.2010.csv,-0.2357792803
NV.IND.MANF.ZS.2010.csv,-0.2366223236
BX.GSR.INSF.ZS.2010.csv,-0.2378229396
BX.KLT.DINV.CD.WD.2010.csv,-0.2385658304
TM.VAL.MANF.ZS.UN.2010.csv,-0.2400037614
IS.AIR.GOOD.MT.K1.2010.csv,-0.2401046789
NY.GDP.MKTP.CD.2010.csv,-0.241495446
SL.TLF.PART.MA.ZS.2010.csv,-0.2429702218
BN.CAB.XOKA.GD.ZS.2010.csv,-0.2444978501
NY.GNP.MKTP.CD.2010.csv,-0.2486220452
NY.ADJ.DKAP.CD.2010.csv,-0.2490200157
NY.GNP.ATLS.CD.2010.csv,-0.2514172905
NY.ADJ.SVNX.GN.ZS.2010.csv,-0.2519339542
NE.CON.GOVT.KD.2010.csv,-0.2520602736
IQ.CPA.MACR.XQ.2010.csv,-0.2521246024
SE.PRM.NINT.FE.ZS.2010.csv,-0.2525305953
NY.ADJ.NNTY.CD.2010.csv,-0.2561584175
SN.ITK.SALT.ZS.2010.csv,-0.2572829477
IC.BUS.DISC.XQ.2010.csv,-0.2580054841
EG.USE.COMM.CL.ZS.2010.csv,-0.2600456279
NY.ADJ.AEDU.CD.2010.csv,-0.2606755364
NE.CON.GOVT.CD.2010.csv,-0.2625740585
TM.VAL.ICTG.ZS.UN.2010.csv,-0.2666101362
FM.LBL.BMNY.IR.ZS.2010.csv,-0.2688639494
NY.ADJ.SVNG.GN.ZS.2010.csv,-0.2710258499
ST.INT.ARVL.2010.csv,-0.2713689127
SE.PRM.NENR.2010.csv,-0.2729569582
EG.USE.CRNW.ZS.2010.csv,-0.2741915468
NY.GDP.FCST.KD.2010.csv,-0.2746843035
BX.GSR.CCIS.CD.2010.csv,-0.2749316253
BM.TRF.PWKR.CD.DT.2010.csv,-0.2781221182
SE.PRM.TENR.2010.csv,-0.2781636167
NE.TRD.GNFS.ZS.2010.csv,-0.2783661646
NY.GDP.FCST.CD.2010.csv,-0.2796333437
BG.GSR.NFSV.GD.ZS.2010.csv,-0.2810675659
EG.ELC.HYRO.ZS.2010.csv,-0.283741818
NE.RSB.GNFS.ZS.2010.csv,-0.2847526508
NV.SRV.TETC.CD.2010.csv,-0.2895197787
GC.REV.SOCL.ZS.2010.csv,-0.2953994316
TX.VAL.ICTG.ZS.UN.2010.csv,-0.2956311669
SH.STA.BFED.ZS.2010.csv,-0.2989656781
IC.FRM.TRNG.ZS.2010.csv,-0.2992296528
BM.TRF.PRVT.CD.2010.csv,-0.3015427145
TM.VAL.OTHR.ZS.WT.2010.csv,-0.3022125405
FM.LBL.MQMY.IR.ZS.2010.csv,-0.3034187361
IQ.CPA.GNDR.XQ.2010.csv,-0.3103719396
BX.GSR.MRCH.CD.2010.csv,-0.3135667598
CM.MKT.TRNR.2010.csv,-0.3139527894
ST.INT.TRNX.CD.2010.csv,-0.3144380038
IC.FRM.BNKS.ZS.2010.csv,-0.3150557892
SE.TER.TCHR.FE.ZS.2010.csv,-0.3159576552
BM.GSR.MRCH.CD.2010.csv,-0.3161949612
ST.INT.RCPT.CD.2010.csv,-0.3212558602
CM.MKT.TRAD.GD.ZS.2010.csv,-0.3223830654
ST.INT.TVLR.CD.2010.csv,-0.3227419374
SE.SEC.NENR.MA.2010.csv,-0.3239368156
EG.ELC.RNWX.ZS.2010.csv,-0.3243259131
SM.POP.NETM.2010.csv,-0.3244310609
TX.VAL.TECH.MF.ZS.2010.csv,-0.3247883363
NE.IMP.GNFS.KD.2010.csv,-0.3274412373
TM.VAL.MRCH.CD.WT.2010.csv,-0.3276203733
NE.EXP.GNFS.KD.2010.csv,-0.3281139352
BM.GSR.GNFS.CD.2010.csv,-0.3283522197
ST.INT.TRNR.CD.2010.csv,-0.3293919748
NE.EXP.GNFS.ZS.2010.csv,-0.3303731314
TX.VAL.MRCH.CD.WT.2010.csv,-0.3325831288
SE.SEC.NENR.2010.csv,-0.3335987846
SE.PRM.TENR.FE.2010.csv,-0.3337267231
IQ.CPA.FISP.XQ.2010.csv,-0.3337365432
GC.XPN.TRFT.ZS.2010.csv,-0.3347778118
SH.MED.BEDS.ZS.2010.csv,-0.3351214762
BM.GSR.ROYL.CD.2010.csv,-0.3382736616
TM.VAL.MRCH.WL.CD.2010.csv,-0.3389259208
BX.GSR.GNFS.CD.2010.csv,-0.3393036705
BM.GSR.TOTL.CD.2010.csv,-0.3397737518
BX.GSR.FCTY.CD.2010.csv,-0.3400383285
ST.INT.XPND.CD.2010.csv,-0.3407083834
FB.ATM.TOTL.P5.2010.csv,-0.3425568593
TX.VAL.MRCH.WL.CD.2010.csv,-0.3427585201
SE.PRM.ENRL.FE.ZS.2010.csv,-0.344108292
GC.TAX.YPKG.RV.ZS.2010.csv,-0.3470229297
BX.GSR.TOTL.CD.2010.csv,-0.3486381303
ST.INT.TVLX.CD.2010.csv,-0.3507835169
NE.IMP.GNFS.CD.2010.csv,-0.3512385414
CM.MKT.LCAP.GD.ZS.2010.csv,-0.3536425189
SE.PRM.NENR.FE.2010.csv,-0.354673522
TM.TAX.MANF.BC.ZS.2010.csv,-0.3603924635
NE.EXP.GNFS.CD.2010.csv,-0.3615660586
GC.FIN.DOMS.GD.ZS.2010.csv,-0.3623043788
IQ.CPA.ECON.XQ.2010.csv,-0.3625623364
BM.GSR.FCTY.CD.2010.csv,-0.3640687267
TM.TAX.MRCH.BC.ZS.2010.csv,-0.3650920491
NY.ADJ.AEDU.GN.ZS.2010.csv,-0.3709371245
BM.GSR.NFSV.CD.2010.csv,-0.3718787477
GC.XPN.TOTL.GD.ZS.2010.csv,-0.3764834191
TM.VAL.SERV.CD.WT.2010.csv,-0.3792852399
IQ.CPA.DEBT.XQ.2010.csv,-0.3839884689
TM.TAX.TCOM.BC.ZS.2010.csv,-0.3851498249
BX.GSR.NFSV.CD.2010.csv,-0.3894573224
SE.SEC.NENR.FE.2010.csv,-0.3912888387
TX.VAL.SERV.CD.WT.2010.csv,-0.3943357893
GC.TAX.TOTL.GD.ZS.2010.csv,-0.3949745117
IQ.CPA.PROT.XQ.2010.csv,-0.3965321841
EN.URB.MCTY.TL.ZS.2010.csv,-0.3972491238
IS.SHP.GCNW.XQ.2010.csv,-0.4060305801
EP.PMP.SGAS.CD.2010.csv,-0.4075577306
SE.TER.ENRR.MA.2010.csv,-0.4085505655
GC.TAX.YPKG.ZS.2010.csv,-0.4176016519
SH.IMM.MEAS.2010.csv,-0.4179228796
SH.XPD.TOTL.ZS.2010.csv,-0.4197235093
SE.PRM.TCHR.FE.ZS.2010.csv,-0.4201834383
IC.CRD.INFO.XQ.2010.csv,-0.4247136119
TM.TAX.MRCH.SR.ZS.2010.csv,-0.4248825274
SH.MED.NUMW.P3.2010.csv,-0.4277440229
TX.VAL.MRCH.HI.ZS.2010.csv,-0.4327113897
IQ.CPA.PRES.XQ.2010.csv,-0.4366077407
SE.PRM.CMPT.MA.ZS.2010.csv,-0.4369860949
EP.PMP.DESL.CD.2010.csv,-0.4423917209
IC.LGL.CRED.XQ.2010.csv,-0.4432548062
NE.CON.GOVT.ZS.2010.csv,-0.4449641944
SM.POP.TOTL.ZS.2010.csv,-0.4494945953
IQ.CPA.ENVR.XQ.2010.csv,-0.4510573115
SL.TLF.TERT.FE.ZS.2010.csv,-0.4533056494
EG.USE.PCAP.KG.OE.2010.csv,-0.4533801544
SH.IMM.IDPT.2010.csv,-0.4535040659
FS.LBL.LIQU.GD.ZS.2010.csv,-0.4616003496
SP.HOU.FEMA.ZS.2010.csv,-0.4625711206
FB.CBK.BRCH.P5.2010.csv,-0.4642911969
IQ.CPA.HRES.XQ.2010.csv,-0.4649301675
SE.TER.ENRR.2010.csv,-0.46590253
TX.VAL.MANF.ZS.UN.2010.csv,-0.4681803622
IC.FRM.FREG.ZS.2010.csv,-0.4693349947
SH.TBS.DTEC.ZS.2010.csv,-0.469853434
SE.ENR.PRIM.FM.ZS.2010.csv,-0.4713482348
AG.YLD.CREL.KG.2010.csv,-0.4714416968
IQ.CPA.FINQ.XQ.2010.csv,-0.4732098995
SE.PRM.CMPT.ZS.2010.csv,-0.4784223432
SL.TLF.PART.FE.ZS.2010.csv,-0.4813518083
IQ.CPA.STRC.XQ.2010.csv,-0.484787076
SE.SEC.ENRL.FE.ZS.2010.csv,-0.4861915495
SE.ENR.TERT.FM.ZS.2010.csv,-0.4879765292
SE.TER.ENRR.FE.2010.csv,-0.4918745959
GC.REV.XGRT.GD.ZS.2010.csv,-0.4949294394
IQ.CPA.SOCI.XQ.2010.csv,-0.4958327318
SL.TLF.PART.ZS.2010.csv,-0.4958742867
SE.PRE.ENRR.2010.csv,-0.5074181683
SE.SEC.ENRR.MA.2010.csv,-0.5090039711
IQ.CPA.FINS.XQ.2010.csv,-0.5124536316
SE.SEC.ENRL.GC.FE.ZS.2010.csv,-0.5124985073
FM.LBL.BMNY.GD.ZS.2010.csv,-0.5195804062
SH.XPD.PUBL.GX.ZS.2010.csv,-0.5204988108
SE.PRM.CMPT.FE.ZS.2010.csv,-0.5205203617
IQ.CPA.BREG.XQ.2010.csv,-0.522697071
IC.CRD.PRVT.ZS.2010.csv,-0.5235616365
SH.STA.ACSN.UR.2010.csv,-0.5290215123
SP.DTH.INFR.ZS.2010.csv,-0.532900147
FB.CBK.DPTR.P3.2010.csv,-0.5339715936
SE.ENR.SECO.FM.ZS.2010.csv,-0.5354032662
SE.PRE.ENRR.MA.2010.csv,-0.535425363
SE.PRE.ENRR.FE.2010.csv,-0.5355124212
SP.POP.1564.TO.ZS.2010.csv,-0.5371672937
SE.SEC.ENRR.2010.csv,-0.5417425331
IT.CEL.SETS.P2.2010.csv,-0.5422496562
TM.TAX.TCOM.SR.ZS.2010.csv,-0.5425311883
SE.ENR.PRSC.FM.ZS.2010.csv,-0.5455098675
SH.STA.BRTC.ZS.2010.csv,-0.5528061238
FM.LBL.MQMY.GD.ZS.2010.csv,-0.5627673861
SH.H2O.SAFE.UR.ZS.2010.csv,-0.5653565298
IQ.CPA.PADM.XQ.2010.csv,-0.568763186
SH.XPD.PUBL.2010.csv,-0.5714039392
SP.URB.TOTL.IN.ZS.2010.csv,-0.573533847
SH.STA.ACSN.RU.2010.csv,-0.5754492589
SE.SEC.ENRR.FE.2010.csv,-0.5783891507
SH.STA.ACSN.2010.csv,-0.5796751264
IQ.CPA.IRAI.XQ.2010.csv,-0.5829654697
IQ.CPA.REVN.XQ.2010.csv,-0.5842729837
TM.VAL.MRCH.HI.ZS.2010.csv,-0.5855307563
LP.LPI.TIME.XQ.2010.csv,-0.5862208028
SP.DYN.TO65.FE.ZS.2010.csv,-0.5876596263
SL.EMP.WORK.FE.ZS.2010.csv,-0.5890127269
FB.CBK.BRWR.P3.2010.csv,-0.5890423069
SP.REG.BRTH.ZS.2010.csv,-0.5904686485
IT.NET.SECR.P6.2010.csv,-0.603068436
EA.PRD.AGRI.KD.2010.csv,-0.6037128758
SH.STA.ANVC.ZS.2010.csv,-0.6044234403
GC.DOD.TOTL.GD.ZS.2010.csv,-0.6081806189
LP.LPI.ITRN.XQ.2010.csv,-0.6082330126
SH.STA.ORCF.ZS.2010.csv,-0.6083401636
SP.POP.DPND.OL.2010.csv,-0.6085991153
NY.ADJ.DKAP.GN.ZS.2010.csv,-0.6086455458
SH.MED.PHYS.ZS.2010.csv,-0.6127774705
FS.LBL.QLIQ.GD.ZS.2010.csv,-0.620174093
SP.POP.65UP.TO.ZS.2010.csv,-0.6214932911
SL.TLF.TERT.ZS.2010.csv,-0.624353208
SL.SRV.EMPL.MA.ZS.2010.csv,-0.6267353882
NV.SRV.TETC.ZS.2010.csv,-0.631699069
SP.DYN.TO65.MA.ZS.2010.csv,-0.637544238
SP.DYN.LE00.FE.IN.2010.csv,-0.63774671
PA.NUS.PPPC.RF.2010.csv,-0.640019693
SH.XPD.PCAP.2010.csv,-0.6442813808
SL.SRV.EMPL.FE.ZS.2010.csv,-0.6496536548
SL.EMP.WORK.ZS.2010.csv,-0.650701605
FS.AST.DOMS.GD.ZS.2010.csv,-0.6515505902
SL.EMP.WORK.MA.ZS.2010.csv,-0.6521029673
SH.H2O.SAFE.RU.ZS.2010.csv,-0.6595658084
SP.DYN.LE00.IN.2010.csv,-0.6610747763
SH.H2O.SAFE.ZS.2010.csv,-0.6631535984
FS.AST.DOMO.GD.ZS.2010.csv,-0.6745888811
SP.DYN.LE00.MA.IN.2010.csv,-0.6790344121
SP.MTR.1519.ZS.2010.csv,-0.6821037576
NY.GDP.PCAP.CD.2010.csv,-0.6842432012
SH.XPD.PCAP.PP.KD.2010.csv,-0.6908142733
LP.LPI.TRAC.XQ.2010.csv,-0.6946997719
NY.GNP.PCAP.CD.2010.csv,-0.6971923057
IT.MLT.MAIN.P2.2010.csv,-0.6982089468
SL.TLF.PART.TL.FE.ZS.2010.csv,-0.6993931164
SL.TLF.TERT.MA.ZS.2010.csv,-0.7054010253
NY.GDP.PCAP.KD.2010.csv,-0.7066880451
SH.MLR.NETS.ZS.2010.csv,-0.7118946901
FS.AST.PRVT.GD.ZS.2010.csv,-0.7133689326
LP.LPI.LOGS.XQ.2010.csv,-0.7147403488
NY.GDP.PCAP.PP.CD.2010.csv,-0.7195745099
NY.GDP.PCAP.PP.KD.2010.csv,-0.7201468041
SH.STA.OWGH.ZS.2010.csv,-0.7219529695
IQ.WEF.PORT.XQ.2010.csv,-0.7243448916
SL.SRV.EMPL.ZS.2010.csv,-0.7265387478
LP.LPI.OVRL.XQ.2010.csv,-0.7353076745
SH.STA.ARIC.ZS.2010.csv,-0.7353087175
NE.CON.PRVT.PC.KD.2010.csv,-0.739561006
IT.NET.BBND.P2.2010.csv,-0.7415940077
NY.GNP.PCAP.KD.2010.csv,-0.7423274812
NY.GNP.PCAP.PP.CD.2010.csv,-0.7471976388
IQ.CPA.PROP.XQ.2010.csv,-0.7480655641
LP.LPI.CUST.XQ.2010.csv,-0.7555480345
LP.LPI.INFR.XQ.2010.csv,-0.7617789123
SL.GDP.PCAP.EM.KD.2010.csv,-0.7666909026
IQ.CPA.PUBS.XQ.2010.csv,-0.7727469691
SE.PRM.PRS5.MA.ZS.2010.csv,-0.7728463556
IQ.CPA.TRAN.XQ.2010.csv,-0.7842710768
IT.NET.USER.P2.2010.csv,-0.7850596494
SP.DYN.CONU.ZS.2010.csv,-0.7941066842
SE.PRM.PRS5.ZS.2010.csv,-0.7976453394
IQ.WEF.CUST.XQ.2010.csv,-0.798025613
SE.PRM.PRS5.FE.ZS.2010.csv,-0.8180979282
SL.UEM.PRIM.ZS.2010.csv,-0.9510014194
GB.XPD.RSDV.GD.ZS.2010.csv,-0.9864469721
SL.AGR.0714.FE.ZS.2010.csv,-1
SL.AGR.0714.MA.ZS.2010.csv,-1
SL.AGR.0714.ZS.2010.csv,-1
SL.TLF.0714.FE.ZS.2010.csv,-1
SL.TLF.0714.MA.ZS.2010.csv,-1
SL.TLF.0714.SW.ZS.2010.csv,-1
SL.TLF.0714.ZS.2010.csv,-1
SL.UEM.PRIM.FE.ZS.2010.csv,-1
SL.UEM.PRIM.MA.ZS.2010.csv,-1
SP.POP.SCIE.RD.P6.2010.csv,-1
SP.POP.TECH.RD.P6.2010.csv,-1
